name,district,place_image,address
국립항공박물관,서울 강서구,https://cdn.visitkorea.or.kr/img/call?cmd=VIEW&id=c7e81c5d-0f3d-4734-b2d5-7bd5c1d58bb2,서울특별시 강서구 하늘길 177 (공항동) 
롯데월드 어드벤처,서울 송파구,https://cdn.visitkorea.or.kr/img/call?cmd=VIEW&id=e7882449-3fb8-48d5-a99b-9ac6d4a0a772,서울특별시 송파구 올림픽로 240 
남산서울타워,서울 용산구,https://cdn.visitkorea.or.kr/img/call?cmd=VIEW&id=dd6daf06-28ff-48ae-b90e-472b6ecfa1db,서울특별시 용산구 남산공원길 105 
국립중앙박물관,서울 용산구,https://cdn.visitkorea.or.kr/img/call?cmd=VIEW&id=ed2ac8d2-fc47-409b-941f-613e7838de99,서울특별시 용산구 서빙고로 137 
경복궁,서울 종로구,https://cdn.visitkorea.or.kr/img/call?cmd=VIEW&id=18de0998-9f79-41ff-ae32-e14011a8358c,서울특별시 종로구 사직로 161 
남대문시장,서울 중구,https://cdn.visitkorea.or.kr/img/call?cmd=VIEW&id=628e1196-3ed4-417b-814b-46482777163b,서울특별시 중구 남대문시장4길 21 
봉은사(서울),서울 강남구,https://cdn.visitkorea.or.kr/img/call?cmd=VIEW&id=b91248f2-788e-4af7-bd2d-9df4ec6e1a4c,서울특별시 강남구 봉은사로 531 
서울어린이대공원,서울 광진구,https://cdn.visitkorea.or.kr/img/call?cmd=VIEW&id=d1a79a86-2e77-4dd5-8896-4ca8878a020a,서울특별시 광진구 능동로 216 (능동) 
망원시장,서울 마포구,https://cdn.visitkorea.or.kr/img/call?cmd=VIEW&id=918e22fa-598c-4dbe-851c-d1fe663f962c,서울특별시 마포구 포은로8길 14 
하늘공원,서울 마포구,https://cdn.visitkorea.or.kr/img/call?cmd=VIEW&id=1da5aec8-9e48-4012-8e32-52d5e1895a3f,서울특별시 마포구 하늘공원로 95 
서대문자연사박물관,서울 서대문구,https://cdn.visitkorea.or.kr/img/call?cmd=VIEW&id=0aadcf3f-19b6-4f99-a344-ddbd61d0a388,서울특별시 서대문구 연희로32길 51 
서대문형무소역사관,서울 서대문구,https://cdn.visitkorea.or.kr/img/call?cmd=VIEW&id=6f83fb09-79a9-4697-9cf8-b95efa67fcc7,서울특별시 서대문구 통일로 251 
세빛섬,서울 서초구,https://cdn.visitkorea.or.kr/img/call?cmd=VIEW&id=b61ae558-4375-433f-9a71-b18318a813ef,서울특별시 서초구 올림픽대로 2085-14 
서울숲,서울 성동구,https://cdn.visitkorea.or.kr/img/call?cmd=VIEW&id=387d6198-9a68-488b-977e-fe5cc0881c85,서울특별시 성동구 뚝섬로 273 
길상사(서울),서울 성북구,https://cdn.visitkorea.or.kr/img/call?cmd=VIEW&id=a65ec764-79b3-4203-a98a-7e4dd01e1733,서울특별시 성북구 선잠로5길 68 (성북동)
롯데월드타워&롯데월드몰,서울 송파구,https://cdn.visitkorea.or.kr/img/call?cmd=VIEW&id=dab5a55d-d688-4b03-844d-fe2bed14dc89,서울특별시 송파구 올림픽로 300 
키자니아 서울,서울 송파구,https://cdn.visitkorea.or.kr/img/call?cmd=VIEW&id=fe27e137-f1be-4e05-9f15-4d46b15d1aec,서울특별시 송파구 올림픽로 240 
진관사(서울),서울 은평구,https://cdn.visitkorea.or.kr/img/call?cmd=VIEW&id=ee4086fb-0a40-4dfd-9ac8-e7ecdec930c5,서울특별시 은평구 진관길 73 
국립현대미술관 서울,서울 종로구,https://cdn.visitkorea.or.kr/img/call?cmd=VIEW&id=fa0d6c4e-7c54-4bef-a261-56fb8afffd7f,서울특별시 종로구 삼청로 30 (소격동)
북악스카이 팔각정,서울 종로구,https://cdn.visitkorea.or.kr/img/call?cmd=VIEW&id=2ae1f60a-d628-462e-8f42-4ac1eaefa70a,서울특별시 종로구 북악산로 267 (평창동)
서울 명동성당,서울 중구,https://cdn.visitkorea.or.kr/img/call?cmd=VIEW&id=3b38cfeb-50c1-4b1b-883e-820d3742d8dc,서울특별시 중구 명동길 74 (명동2가)
한강시민공원 망원지구(망원한강공원),서울 마포구,https://cdn.visitkorea.or.kr/img/call?cmd=VIEW&id=ac2035cf-4ce4-4495-a08f-9ceeb2b0cf91,서울특별시 마포구 마포나루길 467 
롯데월드 아쿠아리움 ,서울 송파구,https://cdn.visitkorea.or.kr/img/call?cmd=VIEW&id=b9649cf3-e767-4a21-a44a-79de963f1cac,서울특별시 송파구 올림픽로 300 롯데월드 몰 B1 (신천동)
롤파크,서울 종로구,https://cdn.visitkorea.or.kr/img/call?cmd=VIEW&id=8bd2adda-ff82-4366-bc20-fcd5751cf1b6,서울특별시 종로구 종로 33 그랑서울 타워[1] 3층 롤파크
커먼그라운드,서울 광진구,https://cdn.visitkorea.or.kr/img/call?cmd=VIEW&id=07f407a3-4f4c-4643-a093-3d5c468c4bcf,서울특별시 광진구 아차산로 200 
경동시장,서울 동대문구,https://cdn.visitkorea.or.kr/img/call?cmd=VIEW&id=37e6e02c-2469-4f99-bb0e-efe86da41c7e,서울특별시 동대문구 고산자로36깋 3(제기동)
롯데월드타워 서울스카이,서울 송파구,https://cdn.visitkorea.or.kr/img/call?cmd=VIEW&id=926e11e5-fc0e-4870-8ff8-61d5df121092,서울특별시 송파구 올림픽로 300 
동대문 종합시장·동대문 쇼핑타운,서울 종로구,https://cdn.visitkorea.or.kr/img/call?cmd=VIEW&id=1f25dc8a-9035-4c43-b742-328d95369022,서울특별시 종로구 종로 266 
북촌한옥마을,서울 종로구,https://cdn.visitkorea.or.kr/img/call?cmd=VIEW&id=971633ea-5131-4d03-822b-5e5ef1a06abd,서울특별시 종로구 계동길 37 (계동) 
창경궁,서울 종로구,https://cdn.visitkorea.or.kr/img/call?cmd=VIEW&id=0aeee7bd-88bc-406a-9b07-c42001dd6924,서울특별시 종로구 창경궁로 185 
덕수궁,서울 중구,https://cdn.visitkorea.or.kr/img/call?cmd=VIEW&id=47336f6a-9f6a-47ec-b109-8e496b3b6323,서울특별시 중구 세종대로 99 
신사동 가로수길,서울 강남구,https://cdn.visitkorea.or.kr/img/call?cmd=VIEW&id=4a302ec7-8a96-4414-bde5-9c930da19f71,서울특별시 강남구 신사동 일대 
서울 암사동 유적,서울 강동구,https://cdn.visitkorea.or.kr/img/call?cmd=VIEW&id=3a8e88f3-1da2-41b8-85f3-b34946e9bf08,서울특별시 강동구 올림픽로 875 (암사동) 
북서울꿈의숲,서울 강북구,https://cdn.visitkorea.or.kr/img/call?cmd=VIEW&id=9ae4337f-6261-4f8b-922a-764fa4280f80,서울특별시 강북구 월계로 173 
테크노마트 강변점,서울 광진구,https://cdn.visitkorea.or.kr/img/call?cmd=VIEW&id=41890743-1e41-4584-8196-c05bc2487a48,서울특별시 광진구 광나루로56길 85 
뚝섬한강공원,서울 광진구,https://cdn.visitkorea.or.kr/img/call?cmd=VIEW&id=e21dcce5-533d-40cb-930b-1c46ea407d65,서울특별시 광진구 자양동  427-1
고척 스카이돔,서울 구로구,https://cdn.visitkorea.or.kr/img/call?cmd=VIEW&id=707af6a4-d8d4-4fd2-89fe-f1ef85c91d1f,서울특별시 구로구 경인로 430 (고척동)
성대시장,서울 동작구,https://cdn.visitkorea.or.kr/img/call?cmd=VIEW&id=89e7c978-eda6-4aed-a280-c287fc7e9fc2,서울특별시 동작구 성대로2길 7 (상도동)
모래내시장,서울 서대문구,https://cdn.visitkorea.or.kr/img/call?cmd=VIEW&id=85a3ea7e-f398-4766-aeb2-8e3af5b5af5a,서울특별시 서대문구 남가좌동 154-15(남가좌동)
The-K호텔서울 (더케이호텔서울),서울 서초구,https://cdn.visitkorea.or.kr/img/call?cmd=VIEW&id=cadd6cb8-1491-44b3-ade6-442c4b48ff21,서울특별시 서초구 바우뫼로12길 70 
서울 헌릉(태종·원경왕후)과 인릉(순조·순원황후) [유네스코 세계유산],서울 서초구,https://cdn.visitkorea.or.kr/img/call?cmd=VIEW&id=cfe35b17-7397-40b4-b336-90fc458a49da,서울특별시 서초구 헌인릉길 34 (내곡동) 
금남시장,서울 성동구,https://cdn.visitkorea.or.kr/img/call?cmd=VIEW&id=d8196b06-82bf-4ef8-9f6e-e103ef14f528,서울특별시 성동구 독서당로 303-7 (금호동3가)
올림픽공원,서울 송파구,https://cdn.visitkorea.or.kr/img/call?cmd=VIEW&id=a024e46a-f30a-47a7-902d-dca0db007403,서울특별시 송파구 올림픽로 424 (방이동)
은평한옥마을,서울 은평구,https://cdn.visitkorea.or.kr/img/call?cmd=VIEW&id=b009fd02-984d-476e-9bda-d869ee53b9a0,서울특별시 은평구 진관동 127-27 
광장시장,서울 종로구,https://cdn.visitkorea.or.kr/img/call?cmd=VIEW&id=f577a5c8-9351-46b2-b109-c26dbe54a551,서울특별시 종로구 창경궁로 88 
조계사(서울),서울 종로구,https://cdn.visitkorea.or.kr/img/call?cmd=VIEW&id=e3394df8-3288-4619-9e27-ae6a33a98506,서울특별시 종로구 우정국로 55 
낙원 악기상가,서울 종로구,https://cdn.visitkorea.or.kr/img/call?cmd=VIEW&id=8d8959a7-2f18-4e48-9fcb-2e8e213f217b,서울특별시 종로구 삼일대로 428 (낙원동)
낙산공원,서울 종로구,https://cdn.visitkorea.or.kr/img/call?cmd=VIEW&id=4fa52258-8b64-4f2a-9626-6c0c23b6052b,서울특별시 종로구 낙산길 41 (동숭동)
스타필드 코엑스몰,서울 강남구,https://cdn.visitkorea.or.kr/img/call?cmd=VIEW&id=1eff8e55-b660-4f67-8ba2-954d86771814,서울특별시 강남구 영동대로 513 (삼성동)
우리유황온천,서울 광진구,https://cdn.visitkorea.or.kr/img/call?cmd=VIEW&id=1b28b328-80e3-41c2-b057-9d9357b634b0,서울특별시 광진구 자양로5길 33
청량리청과물시장,서울 동대문구,https://cdn.visitkorea.or.kr/img/call?cmd=VIEW&id=7895a7aa-0954-4a41-b2e2-c2f9e209bbf2,서울특별시 동대문구 왕산로33길 4(제기동)
보라매공원,서울 동작구,https://cdn.visitkorea.or.kr/img/call?cmd=VIEW&id=eeceea90-6f67-45e5-a96c-6ff129cdf8ae,서울특별시 동작구 여의대방로20길 33 
서울함공원,서울 마포구,https://cdn.visitkorea.or.kr/img/call?cmd=VIEW&id=1b0fd308-9db2-4b66-b116-5dd3cf1e580a,서울특별시 마포구 마포나루길 407 
한강,서울 성동구,https://cdn.visitkorea.or.kr/img/call?cmd=VIEW&id=89c2f735-d9d7-42f1-84df-c7a20c294314,서울특별시 성동구 강변북로 257 
시그니엘서울 리트릿 시그니엘,서울 송파구,https://cdn.visitkorea.or.kr/img/call?cmd=VIEW&id=aaeda731-6f0f-4ec9-a328-61f8ee8030a5,서울특별시 송파구 올림픽로 300 86층
잠실한강공원,서울 송파구,https://cdn.visitkorea.or.kr/img/call?cmd=VIEW&id=b4986bcf-6218-46e9-86a6-a0be4445822b,서울특별시 송파구 한가람로 65 (잠실동)
이촌한강공원,서울 용산구,https://cdn.visitkorea.or.kr/img/call?cmd=VIEW&id=df3cea87-b098-46b6-a1c6-c9cee90958f7,서울특별시 용산구 이촌로72길 62 (이촌동)
경인미술관,서울 종로구,https://cdn.visitkorea.or.kr/img/call?cmd=VIEW&id=fba58374-00e3-41be-be6d-9b3c3d7024ca,서울특별시 종로구 인사동10길 11-4 (관훈동)
대한민국역사박물관,서울 종로구,https://cdn.visitkorea.or.kr/img/call?cmd=VIEW&id=5f3b3582-54e3-4d6b-a736-7e1c4cf04b72,서울특별시 종로구 세종대로 198 (세종로)
서울공예박물관,서울 종로구,https://cdn.visitkorea.or.kr/img/call?cmd=VIEW&id=53a05b20-26ff-476d-bd71-ead3022cf3ee,서울특별시 종로구 율곡로3길 4 (안국동)
동묘벼룩시장,서울 종로구,https://cdn.visitkorea.or.kr/img/call?cmd=VIEW&id=0961338f-3f3b-49f8-b3dc-00243da16974,서울특별시 종로구 종로58길 4(숭인동)
경희궁,서울 종로구,https://cdn.visitkorea.or.kr/img/call?cmd=VIEW&id=61ffabfc-a5c5-41d2-afbd-f57dc08e91be,서울특별시 종로구 새문안로 45 
돈의문박물관마을,서울 종로구,https://cdn.visitkorea.or.kr/img/call?cmd=VIEW&id=05433d60-2fc3-4942-ae38-bcd0f0dd3b48,서울특별시 종로구 송월길 14-3 
창덕궁과 후원 [유네스코 세계유산],서울 종로구,https://cdn.visitkorea.or.kr/img/call?cmd=VIEW&id=0bef2d1e-2cde-4cd5-90b3-ff0f3bc23807,서울특별시 종로구 율곡로 99 (와룡동)
청계천,서울 종로구,https://cdn.visitkorea.or.kr/img/call?cmd=VIEW&id=9e420304-e178-4345-96dc-0b5940257c9f,서울특별시 종로구 창신동 
암사동 선사유적박물관,서울 강동구,https://cdn.visitkorea.or.kr/img/call?cmd=VIEW&id=96d284b6-5112-40ce-bede-245b2d851c58,서울특별시 강동구 올림픽로 875 
수유시장,서울 강북구,https://cdn.visitkorea.or.kr/img/call?cmd=VIEW&id=a3b0ecda-926c-4526-9ef0-857173fde929,서울특별시 강북구 도봉로71길 2 (수유동)
강서농산물도매시장,서울 강서구,https://cdn.visitkorea.or.kr/img/call?cmd=VIEW&id=772f7f15-330b-4260-9865-65a5f15edc5c,서울특별시 강서구 발산로 40 (외발산동)
서울상상나라,서울 광진구,https://cdn.visitkorea.or.kr/img/call?cmd=VIEW&id=86faaea1-99ef-4462-bb05-455617a59dbb,서울특별시 광진구 능동로 216 (능동) 
독산동우시장,서울 금천구,https://cdn.visitkorea.or.kr/img/call?cmd=VIEW&id=178f7687-e6da-412b-99d6-4056e3054174,서울특별시 금천구 범안로 1209 (독산동)
예술의전당 한가람미술관,서울 서초구,https://cdn.visitkorea.or.kr/img/call?cmd=VIEW&id=e86c67c4-26af-462e-8a81-d145475196fa,서울특별시 서초구 남부순환로 2406 
고속터미널 꽃도매상가,서울 서초구,https://cdn.visitkorea.or.kr/img/call?cmd=VIEW&id=975d338d-f628-4379-b505-bcbf55bfa9d2,서울특별시 서초구 신반포로 194(반포동)
한국가구박물관,서울 성북구,https://cdn.visitkorea.or.kr/img/call?cmd=VIEW&id=a8a59343-a55d-4e9b-81af-7e078516c9f5,서울특별시 성북구 대사관로 121 (성복동)
올림픽공원체조경기장,서울 송파구,https://cdn.visitkorea.or.kr/img/call?cmd=VIEW&id=a7eaeaa7-ae7b-4992-99ad-94061f334fd9,서울특별시 송파구 올림픽로 424 (방이동)
한성백제박물관,서울 송파구,https://cdn.visitkorea.or.kr/img/call?cmd=VIEW&id=3bdc7407-019f-4425-b5ca-1da898bf32e7,서울특별시 송파구 위례성대로 71 (방이동)
양화한강공원,서울 영등포구,https://cdn.visitkorea.or.kr/img/call?cmd=VIEW&id=55eab8b4-d074-4b98-8310-7d23251a7775,서울특별시 영등포구 노들로 221 한강사업본부 양화안내센터  
IFC몰,서울 영등포구,https://cdn.visitkorea.or.kr/img/call?cmd=VIEW&id=339e1d6f-da1d-438b-b07c-8183dea1254f,서울특별시 영등포구 국제금융로 10 (여의도동) IFC몰 B1
국립중앙박물관 어린이박물관,서울 용산구,https://cdn.visitkorea.or.kr/img/call?cmd=VIEW&id=8465254a-e165-4b13-b709-e1abfed00b93,서울특별시 용산구 서빙고로 137 
국립한글박물관,서울 용산구,https://cdn.visitkorea.or.kr/img/call?cmd=VIEW&id=99d339a4-42f1-4ed3-91b1-56d746004fac,서울특별시 용산구 서빙고로 139 (용산동6가)
용산가족공원,서울 용산구,https://cdn.visitkorea.or.kr/img/call?cmd=VIEW&id=5f54bda6-1ef5-42a4-9450-01ada14882a4,서울특별시 용산구 서빙고로 185 
아이파크몰 용산점,서울 용산구,https://cdn.visitkorea.or.kr/img/call?cmd=VIEW&id=b4d9901a-98ac-4f72-b9d3-775833347cb4,서울특별시 용산구 한강대로23길 55 
청와대 사랑채,서울 종로구,https://cdn.visitkorea.or.kr/img/call?cmd=VIEW&id=ad95e4bc-1b23-41d2-aa23-f45913ac5c8e,서울특별시 종로구 효자로13길 45 
국립현대미술관 덕수궁,서울 중구,https://cdn.visitkorea.or.kr/img/call?cmd=VIEW&id=16281c32-8740-43c6-bc9e-582939c31fc7,서울특별시 중구 세종대로 99 
신당동 떡볶이 골목,서울 중구,https://cdn.visitkorea.or.kr/img/call?cmd=VIEW&id=b3ea70e9-ed10-4c59-969e-d02920c0df02,서울특별시 중구 다산로33길 10-18 (신당동)
제일평화시장,서울 중구,https://cdn.visitkorea.or.kr/img/call?cmd=VIEW&id=330a2733-5819-4a42-868c-4a6302ab652e,서울특별시 중구 마장로 13 (신당동)
서소문성지역사박물관,서울 중구,https://cdn.visitkorea.or.kr/img/call?cmd=VIEW&id=a3dd0169-eef8-4649-b1b8-b7cb584815e2,서울특별시 중구 칠패로 5 (의주로2가)
서울무역전시컨벤션센터(SETEC),서울 강남구,https://cdn.visitkorea.or.kr/img/call?cmd=VIEW&id=51f69cca-07d0-4a54-8a98-cc6d4aaac79f,서울특별시 강남구 남부순환로 3104 (대치동)
한국종합무역센터(코엑스),서울 강남구,https://cdn.visitkorea.or.kr/img/call?cmd=VIEW&id=29cbd509-8e03-43c0-8017-02ffe5de8753,서울특별시 강남구 영동대로 513 
도산공원,서울 강남구,https://cdn.visitkorea.or.kr/img/call?cmd=VIEW&id=8184fd82-11bf-4457-9714-77498e67ddda,서울특별시 강남구 도산대로45길 20 
광나루한강공원,서울 강동구,https://cdn.visitkorea.or.kr/img/call?cmd=VIEW&id=a4d38ba7-32e7-49e6-8d9c-4b7b7ca9f51f,서울특별시 강동구 선사로 83-66 
천호공원,서울 강동구,https://cdn.visitkorea.or.kr/img/call?cmd=VIEW&id=235bfa54-e08b-46bb-86cf-e838491c8542,서울특별시 강동구 올림픽로 702 
국립4·19민주묘지,서울 강북구,https://cdn.visitkorea.or.kr/img/call?cmd=VIEW&id=a610cef7-0875-4d8f-8aee-b1274ca5f91c,서울특별시 강북구 4.19로8길 17 
롯데몰 김포공항점,서울 강서구,https://cdn.visitkorea.or.kr/img/call?cmd=VIEW&id=bace96c4-0acc-4c03-b0d9-86922b012cd7,서울특별시 강서구 하늘길  77 (방화동)
강변스파랜드,서울 광진구,https://cdn.visitkorea.or.kr/img/call?cmd=VIEW&id=2c12bcd3-3c77-4111-8236-dab08ac8bd5e,서울특별시 광진구 구의강변로 45 (구의동)
아차산,서울 광진구,https://cdn.visitkorea.or.kr/img/call?cmd=VIEW&id=3badefb9-155e-4ca9-9042-bfc3f29e8513,서울특별시 광진구 영화사로 135 
푸른수목원,서울 구로구,https://cdn.visitkorea.or.kr/img/call?cmd=VIEW&id=48ece328-fea8-4e24-b92a-e153243eb1f7,서울특별시 구로구 연동로 240 
노원천문우주과학관,서울 노원구,https://cdn.visitkorea.or.kr/img/call?cmd=VIEW&id=03ed8130-7dae-4460-9398-087217e6d478,서울특별시 노원구 동일로205길 13 (중계동) 
신창시장,서울 도봉구,https://cdn.visitkorea.or.kr/img/call?cmd=VIEW&id=c391b47d-7ab9-41ab-9692-8c7413ebee37,서울특별시 도봉구 창동 445-20
세종대왕박물관,서울 동대문구,https://cdn.visitkorea.or.kr/img/call?cmd=VIEW&id=2224a1df-3bfb-4b8f-ae89-cc25dc09b5d5,서울특별시 동대문구 회기로 56 (청량리동)
노량진수산물도매시장,서울 동작구,https://cdn.visitkorea.or.kr/img/call?cmd=VIEW&id=705596fd-16c5-41d7-8d60-8956aac94140,서울특별시 동작구 노들로 674 
마포농수산물시장,서울 마포구,https://cdn.visitkorea.or.kr/img/call?cmd=VIEW&id=3ca12706-0407-41fe-93e7-1a3d51072f4d,서울특별시 마포구 월드컵로 235 (성산동)
포방터시장,서울 서대문구,https://cdn.visitkorea.or.kr/img/call?cmd=VIEW&id=68468b55-15df-4c80-bcb2-8f261f6ce3ff,서울특별시 서대문구 포방터길 46 (홍은동)
반포한강공원,서울 서초구,https://cdn.visitkorea.or.kr/img/call?cmd=VIEW&id=0f78e9e2-ece5-4c23-8373-835411c93307,서울특별시 서초구 신반포로11길 40 한강공원 반포 안내센터  
매헌 시민의 숲,서울 서초구,https://cdn.visitkorea.or.kr/img/call?cmd=VIEW&id=82dc5632-08bd-4ff5-a74c-4bbd25d1c574,서울특별시 서초구 매헌로 99 (양재동)
잠원한강공원,서울 서초구,https://cdn.visitkorea.or.kr/img/call?cmd=VIEW&id=a92ab38d-d3a4-4ca7-a4d5-42736049894a,서울특별시 서초구 잠원로 221-124 
달맞이봉공원,서울 성동구,https://cdn.visitkorea.or.kr/img/call?cmd=VIEW&id=1ed1cbc7-f43e-4dc0-82cb-2ffa8c8d6e09,서울특별시 성동구 금호동4가 산 27 (금호동4가)
마장 축산물시장 ,서울 성동구,https://cdn.visitkorea.or.kr/img/call?cmd=VIEW&id=142cb237-38d6-49d2-9b02-f5a444de8e58,서울특별시 성동구 마장로33길 53 (마장동)
서울 의릉(경종·선의왕후) [유네스코 세계유산],서울 성북구,https://cdn.visitkorea.or.kr/img/call?cmd=VIEW&id=8c1a2620-d18f-40d8-b43d-05a465f33d8c,서울특별시 성북구 화랑로32길 146-20 (석관동) 
가락수산시장,서울 송파구,https://cdn.visitkorea.or.kr/img/call?cmd=VIEW&id=b7c534fd-e527-4b02-8f17-7c6f9d2416f6,서울특별시 송파구 양재대로 932 (가락동)
가락몰,서울 송파구,https://cdn.visitkorea.or.kr/img/call?cmd=VIEW&id=0aaa0328-b51d-4a8f-9ac1-3252ca84c4dc,서울특별시 송파구 양재대로 932 (가락동)
가든파이브라이프(Garden5life),서울 송파구,https://cdn.visitkorea.or.kr/img/call?cmd=VIEW&id=63ff3ad5-c19d-46ad-bf61-3290478973b9,서울특별시 송파구 충민로 66 
방이시장,서울 송파구,https://cdn.visitkorea.or.kr/img/call?cmd=VIEW&id=c4e929cf-4b62-4563-a008-8a51f5dd140c,서울특별시 송파구 백제고분로48길 41 (방이동)
행복한백화점,서울 양천구,https://cdn.visitkorea.or.kr/img/call?cmd=VIEW&id=38419a30-2d8c-4468-ba7c-5a31f6c1575a,서울특별시 양천구 목동동로 309 
서서울호수공원,서울 양천구,https://cdn.visitkorea.or.kr/img/call?cmd=VIEW&id=4bbe48c1-f08a-47bc-b477-12cad6acb144,서울특별시 양천구 남부순환로64길 20 
더현대 서울,서울 영등포구,https://cdn.visitkorea.or.kr/img/call?cmd=VIEW&id=29e67872-9f65-447e-9818-f4fc61e83654,서울특별시 영등포구 여의대로 108 파크원
씨랄라 워터파크,서울 영등포구,https://cdn.visitkorea.or.kr/img/call?cmd=VIEW&id=2b6501bb-29d7-48c2-9804-c8da7491e7d5,서울특별시 영등포구 문래로 164 (문래동3가)
대신시장,서울 영등포구,https://cdn.visitkorea.or.kr/img/call?cmd=VIEW&id=59e9c400-e1d3-4691-bbb7-67a9041d7405,서울특별시 영등포구 도신로60길 7 (신길동)
타임스퀘어,서울 영등포구,https://cdn.visitkorea.or.kr/img/call?cmd=VIEW&id=ee7c4007-6d33-4016-a466-283f2688956a,서울특별시 영등포구 영중로 15 
용산전자랜드,서울 용산구,https://cdn.visitkorea.or.kr/img/call?cmd=VIEW&id=0c008a66-c3cc-46a3-945d-b23886e8c7e9,서울특별시 용산구 청파로 74 
연서시장,서울 은평구,https://cdn.visitkorea.or.kr/img/call?cmd=VIEW&id=f5ce2a72-1f2e-4603-b5c9-879cd9a6b731,서울특별시 은평구 통일로 850 (불광동)
올레스퀘어ALL-IP라운지,서울 종로구,https://cdn.visitkorea.or.kr/img/call?cmd=VIEW&id=7fb05f0f-4e46-4266-ac49-1c76d752ce41,서울특별시 종로구 세종대로 178 KT 광화문 빌딩 West  1층
동대문 문구완구거리,서울 종로구,https://cdn.visitkorea.or.kr/img/call?cmd=VIEW&id=67a9eb72-b35e-4136-acba-4de96be491be,서울특별시 종로구 종로52길 36(창신동)
그라운드시소 서촌,서울 종로구,https://cdn.visitkorea.or.kr/img/call?cmd=VIEW&id=7b376b3e-ebb7-415b-af2c-04a05f9e7251,서울특별시 종로구 자하문로6길 18-8 (통의동) 
통인시장,서울 종로구,https://cdn.visitkorea.or.kr/img/call?cmd=VIEW&id=d817dd52-96fa-496b-8bd5-81c369962118,서울특별시 종로구 자하문로15길 18 
두산타워 (doota),서울 중구,https://cdn.visitkorea.or.kr/img/call?cmd=VIEW&id=5ddb214a-a01d-490c-82b5-07fa9292b8ca,서울특별시 중구 장충단로 275 
신세계백화점 본점,서울 중구,https://cdn.visitkorea.or.kr/img/call?cmd=VIEW&id=04eca746-5e47-48a6-9250-3aae974cfa43,서울특별시 중구 소공로 63 
남산공원(서울),서울 중구,https://cdn.visitkorea.or.kr/img/call?cmd=VIEW&id=fd0a0a29-0126-49d9-a8f0-f7c47ce4545f,서울특별시 중구 삼일대로 231 
밀리오레 동대문점,서울 중구,https://cdn.visitkorea.or.kr/img/call?cmd=VIEW&id=e6bdf89c-5268-49ca-a16e-da48f69d0786,서울특별시 중구 장충단로 263 
방산 종합시장,서울 중구,https://cdn.visitkorea.or.kr/img/call?cmd=VIEW&id=15d825ef-408f-46ac-bc58-5b8df12b82cb,서울특별시 중구 을지로33길 18-1 오성빌딩  
현대백화점 압구정본점,서울 강남구,https://cdn.visitkorea.or.kr/img/call?cmd=VIEW&id=fb376af1-1919-456a-879b-657c00cc0322,서울특별시 강남구 압구정로 165 (압구정동)
현대백화점 무역센터점,서울 강남구,https://cdn.visitkorea.or.kr/img/call?cmd=VIEW&id=bf4dff59-4e82-43c4-ab36-f9859640b51a,서울특별시 강남구 테헤란로 517 
갤러리아백화점 명품관,서울 강남구,https://cdn.visitkorea.or.kr/img/call?cmd=VIEW&id=6c53418f-a331-48d2-adb9-712ffbe4e3f6,서울특별시 강남구 압구정로 343 
허준박물관,서울 강서구,https://cdn.visitkorea.or.kr/img/call?cmd=VIEW&id=0e2a261d-11a9-4195-b3ac-836abd3f8410,서울특별시 강서구 허준로 87 
약사사(서울),서울 강서구,https://cdn.visitkorea.or.kr/img/call?cmd=VIEW&id=ebad05b2-cb74-4b3a-bb52-f418251bbbf7,서울특별시 강서구 금낭화로17길 261 
관악산 낙성대공원,서울 관악구,https://cdn.visitkorea.or.kr/img/call?cmd=VIEW&id=78d6c2aa-9d12-48e5-ac3b-6a8940fb6994,서울특별시 관악구 낙성대로 77 
서울 태릉(문정왕후)과 강릉(명종·인순왕후) [유네스코 세계유산],서울 노원구,https://cdn.visitkorea.or.kr/img/call?cmd=VIEW&id=806e4054-c6fb-4648-8959-d133665caee3,서울특별시 노원구 화랑로 681
서울 영휘원(순헌황귀비)과 숭인원(이진),서울 동대문구,https://cdn.visitkorea.or.kr/img/call?cmd=VIEW&id=87577f81-37fe-49a0-883b-f6d5fff9d88c,서울특별시 동대문구 홍릉로 90 (청량리동)
백련사(서울),서울 서대문구,https://cdn.visitkorea.or.kr/img/call?cmd=VIEW&id=949772a5-a0a2-4a0c-9364-35b5cc9acd59,서울특별시 서대문구 백련사길 170-43
센트럴시티,서울 서초구,https://cdn.visitkorea.or.kr/img/call?cmd=VIEW&id=61b50bd9-444b-4ab0-80d0-1ea07147b9ef,서울특별시 서초구 신반포로 176 (반포동)
롯데쇼핑 롯데아울렛 서울역점[한국관광 품질인증/Korea Quality],서울 용산구,https://cdn.visitkorea.or.kr/img/call?cmd=VIEW&id=0033ac35-559c-4714-8013-1b8e2c6b9dd1,서울특별시 용산구 한강대로 405 
두산갤러리,서울 종로구,https://cdn.visitkorea.or.kr/img/call?cmd=VIEW&id=5887d2f2-d7e3-4d64-9567-62c8f1993e04,서울특별시 종로구 종로33길 15 (연지동)
대림미술관,서울 종로구,https://cdn.visitkorea.or.kr/img/call?cmd=VIEW&id=c92db5bc-0068-47fa-a876-2570f09cd03f,서울특별시 종로구 자하문로4길 21 (통의동)
쌈지길,서울 종로구,https://cdn.visitkorea.or.kr/img/call?cmd=VIEW&id=2711aa92-ce84-49d2-a6a0-473acbbb5718,서울특별시 종로구 인사동길 44 
광화문광장,서울 종로구,https://cdn.visitkorea.or.kr/img/call?cmd=VIEW&id=8a855385-793c-4da7-938c-94a86ab91e18,서울특별시 종로구 세종대로 172 
서울역사박물관,서울 종로구,https://cdn.visitkorea.or.kr/img/call?cmd=VIEW&id=70509721-01a9-46ca-8e67-ba93bbbbc0d3,서울특별시 종로구 새문안로 55 서울역사박물관  
서울 운현궁,서울 종로구,https://cdn.visitkorea.or.kr/img/call?cmd=VIEW&id=1f6d3ac8-0911-4949-a11a-ed325c3c16ab,서울특별시 종로구 삼일대로 464 
세운상가,서울 종로구,https://cdn.visitkorea.or.kr/img/call?cmd=VIEW&id=b1ab6217-fa19-4daf-ba0f-0edc65b291d4,서울특별시 종로구 청계천로 159 (장사동)
장충동 족발 골목,서울 중구,https://cdn.visitkorea.or.kr/img/call?cmd=VIEW&id=217ee02a-9d26-490a-bb89-2da0627fce6d,서울특별시 중구 장충단로 176(장충동1가)
서울시립미술관(서소문본관),서울 중구,https://cdn.visitkorea.or.kr/img/call?cmd=VIEW&id=9283d63a-726e-41c1-8e7a-33e74b5172cc,서울특별시 중구 덕수궁길 61 
서울 중부시장,서울 중구,https://cdn.visitkorea.or.kr/img/call?cmd=VIEW&id=4424a910-12b6-4630-b743-865949090c10,서울특별시 중구 을지로36길 35 
서소문역사공원,서울 중구,https://cdn.visitkorea.or.kr/img/call?cmd=VIEW&id=fe555f7d-00c6-4b3d-9213-d7383b81f0d5,서울특별시 중구 칠패로 5 (의주로2가) 
남산 케이블카,서울 중구,https://cdn.visitkorea.or.kr/img/call?cmd=VIEW&id=51c5594b-5ee3-4807-ba06-089e8b384192,서울특별시 중구 소파로 83 
